EmployeeID,Name,Role,Department,Location,Salary,PerformanceRating
1,Person_1,HR,Engineering,Berlin,197462,Good
2,Person_2,Executive,Engineering,Berlin,128664,Good
3,Person_3,Employee,Engineering,Berlin,143850,Good
4,Person_4,HR,Finance,London,177924,Excellent
5,Person_5,HR,Sales,New York,173623,Excellent
6,Person_6,Executive,Finance,San Francisco,111947,Poor
7,Person_7,Employee,Sales,Remote,101001,Average
8,Person_8,Employee,Finance,San Francisco,162775,Average
9,Person_9,HR,Finance,San Francisco,73243,Good
10,Person_10,Manager,Marketing,New York,192872,Excellent
11,Person_11,HR,Finance,New York,115939,Good
12,Person_12,HR,HR,New York,97828,Poor
13,Person_13,HR,Marketing,Berlin,178311,Average
14,Person_14,HR,Finance,London,46710,Average
15,Person_15,Executive,Engineering,Berlin,192456,Good
16,Person_16,Employee,HR,London,192110,Poor
17,Person_17,Executive,HR,London,77991,Average
18,Person_18,Executive,HR,San Francisco,178043,Poor
19,Person_19,Executive,Marketing,San Francisco,125445,Poor
20,Person_20,HR,Finance,London,120257,Good
21,Person_21,Manager,Finance,London,77711,Excellent
22,Person_22,Employee,Engineering,Berlin,46530,Good
23,Person_23,Manager,Engineering,Berlin,51116,Excellent
24,Person_24,Executive,HR,San Francisco,105794,Poor
25,Person_25,Executive,Engineering,New York,171354,Excellent
26,Person_26,Manager,Marketing,London,172970,Poor
27,Person_27,Manager,Finance,Berlin,44135,Average
28,Person_28,Manager,HR,San Francisco,177701,Average
29,Person_29,Executive,Engineering,Berlin,149472,Average
30,Person_30,Executive,Marketing,London,165147,Good
31,Person_31,Employee,Marketing,London,129087,Good
32,Person_32,Employee,Engineering,Remote,73380,Poor
33,Person_33,Executive,Finance,New York,169951,Average
34,Person_34,Manager,Engineering,Remote,57071,Good
35,Person_35,Manager,HR,San Francisco,60074,Average
36,Person_36,Employee,Engineering,Berlin,107843,Good
37,Person_37,Executive,Marketing,San Francisco,79901,Excellent
38,Person_38,Employee,Engineering,London,51205,Excellent
39,Person_39,Employee,Finance,Remote,164661,Average
40,Person_40,HR,Sales,Remote,45906,Poor
41,Person_41,HR,Engineering,Remote,173663,Good
42,Person_42,HR,Finance,San Francisco,165576,Good
43,Person_43,Manager,Finance,London,102987,Excellent
44,Person_44,Executive,Marketing,Berlin,120685,Excellent
45,Person_45,Executive,Finance,Berlin,150454,Poor
46,Person_46,Executive,Finance,San Francisco,145487,Poor
47,Person_47,Executive,Finance,Remote,94400,Poor
48,Person_48,HR,Finance,New York,196222,Average
49,Person_49,Manager,HR,San Francisco,71852,Excellent
50,Person_50,Manager,HR,San Francisco,92756,Average
51,Person_51,HR,Marketing,London,155357,Excellent
52,Person_52,Manager,Engineering,Berlin,159052,Excellent
53,Person_53,HR,Finance,San Francisco,96481,Good
54,Person_54,Executive,Engineering,San Francisco,41283,Excellent
55,Person_55,HR,Engineering,Remote,73691,Excellent
56,Person_56,Executive,Marketing,Remote,172197,Average
57,Person_57,Executive,Finance,New York,66170,Excellent
58,Person_58,Employee,Finance,London,48438,Average
59,Person_59,HR,Sales,New York,60095,Poor
60,Person_60,Employee,Engineering,Remote,187226,Excellent
61,Person_61,HR,Engineering,Berlin,179076,Excellent
62,Person_62,HR,HR,Remote,49752,Average
63,Person_63,Employee,Sales,London,95426,Poor
64,Person_64,Employee,HR,Remote,66819,Good
65,Person_65,HR,HR,London,132051,Poor
66,Person_66,Manager,HR,London,195289,Average
67,Person_67,Executive,Marketing,London,72994,Poor
68,Person_68,Employee,Marketing,London,186108,Average
69,Person_69,Executive,HR,London,137756,Average
70,Person_70,Manager,Sales,Berlin,180659,Good
71,Person_71,Manager,Engineering,New York,135665,Excellent
72,Person_72,Manager,Sales,San Francisco,171717,Average
73,Person_73,Employee,Finance,New York,121835,Average
74,Person_74,Manager,Marketing,London,162232,Good
75,Person_75,Employee,Engineering,Berlin,197547,Average
76,Person_76,Manager,Engineering,Remote,189960,Excellent
77,Person_77,Executive,Finance,Berlin,83732,Good
78,Person_78,Executive,Finance,London,86305,Excellent
79,Person_79,HR,HR,Berlin,49346,Excellent
80,Person_80,Executive,Marketing,Berlin,40587,Good
81,Person_81,HR,Marketing,London,52763,Average
82,Person_82,Executive,Sales,Berlin,109615,Excellent
83,Person_83,Employee,HR,San Francisco,160987,Excellent
84,Person_84,Executive,HR,San Francisco,131353,Excellent
85,Person_85,HR,HR,Berlin,135648,Excellent
86,Person_86,HR,HR,Remote,65556,Good
87,Person_87,Manager,Marketing,London,99042,Good
88,Person_88,Employee,Marketing,San Francisco,58099,Poor
89,Person_89,Executive,HR,Remote,149089,Poor
90,Person_90,Manager,Sales,Berlin,184302,Excellent
91,Person_91,Executive,Engineering,Remote,73866,Average
92,Person_92,Executive,Engineering,New York,145400,Excellent
93,Person_93,Manager,Sales,San Francisco,124246,Average
94,Person_94,Manager,HR,Berlin,116975,Excellent
95,Person_95,Manager,Marketing,London,121557,Poor
96,Person_96,Manager,Engineering,Berlin,177488,Poor
97,Person_97,Manager,Finance,London,112516,Average
98,Person_98,Executive,Finance,Berlin,189130,Excellent
99,Person_99,Manager,Sales,Remote,72602,Average
100,Person_100,Employee,HR,Remote,198588,Poor
101,Person_101,HR,Engineering,Remote,169295,Excellent
102,Person_102,Manager,HR,New York,127969,Excellent
103,Person_103,Manager,Engineering,London,172161,Average
104,Person_104,Executive,Sales,Remote,181559,Good
105,Person_105,Manager,Sales,New York,40155,Average
106,Person_106,Manager,Finance,London,163950,Poor
107,Person_107,Manager,HR,Berlin,107494,Poor
108,Person_108,Executive,Finance,New York,116229,Poor
109,Person_109,Manager,HR,San Francisco,144648,Poor
110,Person_110,HR,Finance,New York,78547,Poor
111,Person_111,Executive,Marketing,New York,68795,Good
112,Person_112,HR,Marketing,London,61447,Excellent
113,Person_113,Executive,Marketing,Berlin,127960,Average
114,Person_114,Manager,Marketing,San Francisco,103278,Average
115,Person_115,HR,Engineering,Remote,95077,Poor
116,Person_116,Executive,Marketing,Remote,152782,Average
117,Person_117,Employee,Sales,New York,142932,Poor
118,Person_118,Manager,Sales,London,180600,Good
119,Person_119,Executive,Engineering,London,149869,Good
120,Person_120,Employee,Marketing,Remote,179251,Excellent
121,Person_121,Executive,Marketing,San Francisco,88781,Good
122,Person_122,Employee,Marketing,Berlin,195024,Good
123,Person_123,Manager,Finance,San Francisco,93798,Excellent
124,Person_124,HR,HR,Berlin,138696,Average
125,Person_125,Employee,Finance,Remote,90939,Poor
126,Person_126,Executive,HR,Berlin,69516,Poor
127,Person_127,Manager,Marketing,London,181521,Average
128,Person_128,Employee,Marketing,New York,90290,Excellent
129,Person_129,Executive,Finance,New York,166688,Average
130,Person_130,Executive,Finance,Remote,126661,Good
131,Person_131,Executive,HR,London,112954,Excellent
132,Person_132,Employee,Sales,San Francisco,62746,Excellent
133,Person_133,Employee,HR,London,107990,Excellent
134,Person_134,Employee,Finance,New York,98810,Poor
135,Person_135,HR,Finance,New York,158362,Average
136,Person_136,Employee,Engineering,London,186295,Excellent
137,Person_137,Employee,Finance,London,173669,Excellent
138,Person_138,Employee,Engineering,New York,42659,Excellent
139,Person_139,HR,Sales,San Francisco,126516,Average
140,Person_140,Employee,HR,Remote,114567,Poor
141,Person_141,Executive,HR,Remote,55037,Good
142,Person_142,Employee,Engineering,London,166498,Poor
143,Person_143,Executive,HR,Remote,52109,Excellent
144,Person_144,Executive,Finance,New York,62010,Poor
145,Person_145,Executive,Marketing,New York,48787,Poor
146,Person_146,HR,Engineering,London,179544,Good
147,Person_147,HR,HR,London,194455,Average
148,Person_148,HR,Engineering,London,101709,Average
149,Person_149,Employee,Engineering,San Francisco,74518,Poor
150,Person_150,Executive,Marketing,Remote,93909,Poor
151,Person_151,HR,Finance,London,58351,Average
152,Person_152,HR,Engineering,Berlin,55282,Average
153,Person_153,Employee,HR,Berlin,192850,Good
154,Person_154,HR,Sales,New York,195336,Excellent
155,Person_155,Employee,Engineering,Remote,45075,Poor
156,Person_156,Manager,Engineering,London,68365,Average
157,Person_157,HR,Marketing,Berlin,51002,Poor
158,Person_158,Manager,Finance,Remote,53947,Poor
159,Person_159,Employee,Sales,New York,134840,Average
160,Person_160,Executive,HR,San Francisco,156219,Good
161,Person_161,HR,Sales,Remote,118610,Poor
162,Person_162,Employee,HR,Remote,92142,Good
163,Person_163,Executive,Finance,San Francisco,96307,Average
164,Person_164,Executive,HR,Remote,175565,Excellent
165,Person_165,Manager,Marketing,New York,90085,Excellent
166,Person_166,Employee,Marketing,New York,74228,Poor
167,Person_167,Executive,Marketing,San Francisco,83472,Average
168,Person_168,HR,Marketing,London,89437,Good
169,Person_169,HR,Sales,Berlin,99711,Poor
170,Person_170,Manager,Finance,London,177888,Average
171,Person_171,Executive,HR,Remote,117175,Average
172,Person_172,Employee,HR,Berlin,104307,Good
173,Person_173,HR,Marketing,San Francisco,86733,Poor
174,Person_174,Executive,Marketing,San Francisco,168202,Average
175,Person_175,Executive,Engineering,Berlin,135028,Average
176,Person_176,Manager,Finance,New York,182312,Average
177,Person_177,HR,Sales,Berlin,132493,Good
178,Person_178,HR,HR,Remote,165149,Poor
179,Person_179,Employee,Engineering,New York,48259,Poor
180,Person_180,HR,Engineering,San Francisco,168775,Poor
181,Person_181,Employee,HR,Berlin,54849,Poor
182,Person_182,HR,Sales,London,121768,Excellent
183,Person_183,Manager,Engineering,London,146108,Excellent
184,Person_184,HR,Engineering,Remote,129709,Poor
185,Person_185,Employee,Finance,London,94869,Good
186,Person_186,Employee,Sales,Berlin,166888,Excellent
187,Person_187,Manager,Engineering,Berlin,103095,Average
188,Person_188,HR,Sales,London,157886,Excellent
189,Person_189,HR,HR,Berlin,110910,Average
190,Person_190,Manager,Marketing,Remote,63567,Poor
191,Person_191,HR,Engineering,New York,75292,Excellent
192,Person_192,HR,Finance,Remote,114813,Good
193,Person_193,Employee,HR,Remote,137136,Excellent
194,Person_194,HR,Sales,Berlin,91631,Excellent
195,Person_195,HR,HR,New York,49885,Excellent
196,Person_196,Manager,Engineering,Berlin,106314,Poor
197,Person_197,Manager,Sales,San Francisco,105087,Good
198,Person_198,Executive,Marketing,Berlin,135998,Excellent
199,Person_199,Employee,HR,Berlin,89812,Good
200,Person_200,HR,Engineering,Berlin,98643,Poor
201,Person_201,HR,Finance,New York,84900,Average
202,Person_202,Executive,Sales,Berlin,178923,Excellent
203,Person_203,HR,HR,New York,56288,Good
204,Person_204,Employee,HR,London,112692,Good
205,Person_205,Executive,Marketing,San Francisco,178440,Poor
206,Person_206,Employee,Marketing,New York,125436,Excellent
207,Person_207,Executive,Finance,London,86403,Average
208,Person_208,Executive,Finance,New York,131170,Good
209,Person_209,Manager,Engineering,New York,49168,Excellent
210,Person_210,Employee,Engineering,San Francisco,89879,Average
211,Person_211,HR,Finance,Remote,99871,Good
212,Person_212,HR,Finance,Remote,72174,Good
213,Person_213,Employee,Sales,New York,177653,Average
214,Person_214,HR,Marketing,Berlin,150155,Average
215,Person_215,HR,Engineering,London,111853,Poor
216,Person_216,Employee,Marketing,Berlin,104046,Excellent
217,Person_217,Executive,Marketing,Berlin,89678,Excellent
218,Person_218,Employee,Finance,New York,66649,Poor
219,Person_219,Executive,Sales,New York,167795,Good
220,Person_220,HR,HR,New York,128668,Average
221,Person_221,HR,Sales,New York,185639,Average
222,Person_222,HR,Sales,Remote,129906,Average
223,Person_223,Manager,Marketing,New York,136019,Good
224,Person_224,Executive,Sales,Remote,118002,Average
225,Person_225,Manager,Engineering,Remote,68803,Average
226,Person_226,Manager,Marketing,New York,189302,Poor
227,Person_227,Employee,Engineering,San Francisco,188934,Good
228,Person_228,Manager,HR,London,70795,Excellent
229,Person_229,Employee,Marketing,Berlin,48770,Poor
230,Person_230,Employee,HR,Remote,51093,Poor
231,Person_231,Manager,Marketing,London,171265,Excellent
232,Person_232,Executive,Finance,San Francisco,140311,Poor
233,Person_233,Executive,Sales,Berlin,57569,Good
234,Person_234,Executive,Finance,Berlin,51190,Average
235,Person_235,Executive,HR,Remote,102824,Good
236,Person_236,Executive,Sales,New York,82070,Excellent
237,Person_237,Manager,Marketing,San Francisco,80197,Excellent
238,Person_238,Manager,Sales,Remote,42261,Poor
239,Person_239,HR,Engineering,San Francisco,197584,Good
240,Person_240,Executive,Sales,New York,177788,Good
241,Person_241,Manager,Engineering,New York,126795,Excellent
242,Person_242,HR,Sales,Remote,68933,Good
243,Person_243,Executive,Engineering,New York,175450,Excellent
244,Person_244,Employee,HR,London,80583,Good
245,Person_245,HR,Finance,Berlin,152082,Good
246,Person_246,Manager,Marketing,Remote,125371,Good
247,Person_247,Employee,Sales,San Francisco,195072,Excellent
248,Person_248,Employee,Finance,London,151032,Poor
249,Person_249,Employee,Marketing,Remote,82604,Good
250,Person_250,HR,Marketing,New York,135074,Excellent
251,Person_251,Manager,Engineering,New York,113869,Excellent
252,Person_252,Employee,HR,New York,45410,Good
253,Person_253,Executive,HR,New York,123375,Good
254,Person_254,Employee,Finance,San Francisco,136055,Poor
255,Person_255,Employee,HR,London,177868,Excellent
256,Person_256,HR,Sales,Berlin,126716,Excellent
257,Person_257,HR,HR,San Francisco,94245,Average
258,Person_258,Manager,Finance,San Francisco,83056,Excellent
259,Person_259,Executive,HR,Berlin,188781,Poor
260,Person_260,HR,Sales,Berlin,98557,Average
261,Person_261,Employee,Engineering,New York,57543,Average
262,Person_262,Manager,Finance,San Francisco,136038,Average
263,Person_263,Employee,Engineering,Remote,187796,Good
264,Person_264,Employee,Engineering,Berlin,43828,Good
265,Person_265,HR,Engineering,Berlin,156656,Excellent
266,Person_266,Manager,Marketing,London,57087,Average
267,Person_267,Executive,Marketing,Remote,183677,Poor
268,Person_268,Executive,Engineering,Remote,71337,Good
269,Person_269,HR,Finance,Berlin,176554,Poor
270,Person_270,HR,Sales,New York,105333,Poor
271,Person_271,Manager,Sales,London,176535,Good
272,Person_272,Executive,HR,Remote,110448,Good
273,Person_273,Executive,Finance,Berlin,44648,Good
274,Person_274,Executive,Marketing,Remote,170576,Good
275,Person_275,Employee,Engineering,London,73623,Average
276,Person_276,Executive,HR,London,75634,Average
277,Person_277,Employee,Sales,San Francisco,154598,Average
278,Person_278,Manager,Marketing,Berlin,89334,Average
279,Person_279,Employee,Marketing,London,108648,Excellent
280,Person_280,Manager,Engineering,San Francisco,62054,Average
281,Person_281,Executive,Sales,San Francisco,110028,Good
282,Person_282,Executive,Finance,Remote,62207,Poor
283,Person_283,Manager,Marketing,Remote,121554,Average
284,Person_284,HR,Engineering,San Francisco,192458,Excellent
285,Person_285,Manager,Finance,Remote,123276,Good
286,Person_286,HR,Sales,London,92781,Poor
287,Person_287,Employee,Marketing,New York,101035,Poor
288,Person_288,Employee,Finance,London,48210,Average
289,Person_289,Employee,Finance,San Francisco,84363,Poor
290,Person_290,Executive,Finance,San Francisco,118279,Average
291,Person_291,Employee,Marketing,London,193504,Average
292,Person_292,HR,Marketing,Remote,174393,Good
293,Person_293,Employee,HR,Remote,121348,Good
294,Person_294,Manager,Sales,San Francisco,153816,Excellent
295,Person_295,Manager,Engineering,Berlin,163053,Good
296,Person_296,Executive,Finance,Remote,106262,Good
297,Person_297,Manager,HR,London,174832,Average
298,Person_298,HR,Engineering,Remote,193262,Good
299,Person_299,Employee,HR,London,107411,Average
300,Person_300,Executive,Marketing,San Francisco,63377,Average
301,Person_301,Employee,Finance,Remote,78211,Good
302,Person_302,Employee,Engineering,London,43744,Excellent
303,Person_303,HR,Engineering,San Francisco,64995,Excellent
304,Person_304,Manager,Engineering,Berlin,188049,Poor
305,Person_305,Manager,Engineering,London,74542,Poor
306,Person_306,Employee,Engineering,Berlin,50651,Good
307,Person_307,Executive,HR,Berlin,139239,Excellent
308,Person_308,Manager,Finance,New York,118931,Average
309,Person_309,Executive,Marketing,Remote,142112,Poor
310,Person_310,Manager,Marketing,London,56715,Average
311,Person_311,Executive,Marketing,Berlin,195378,Poor
312,Person_312,HR,Marketing,New York,190158,Good
313,Person_313,Executive,HR,San Francisco,185448,Excellent
314,Person_314,HR,Sales,London,101350,Poor
315,Person_315,HR,Finance,Berlin,111425,Excellent
316,Person_316,Executive,Engineering,Remote,126120,Average
317,Person_317,HR,Sales,New York,154889,Good
318,Person_318,Employee,Marketing,Berlin,181130,Excellent
319,Person_319,HR,Sales,Remote,114637,Good
320,Person_320,Manager,Finance,Berlin,110194,Excellent
321,Person_321,Executive,Engineering,London,116917,Average
322,Person_322,Employee,Engineering,London,104200,Average
323,Person_323,Executive,Finance,London,145848,Good
324,Person_324,Manager,Finance,New York,146022,Average
325,Person_325,Manager,Marketing,London,188226,Poor
326,Person_326,Manager,Engineering,Remote,190611,Excellent
327,Person_327,HR,Sales,Berlin,100058,Average
328,Person_328,HR,HR,San Francisco,102068,Poor
329,Person_329,Executive,HR,Remote,139932,Good
330,Person_330,Executive,Finance,Remote,177103,Poor
331,Person_331,Employee,Marketing,London,62785,Good
332,Person_332,Employee,HR,New York,199741,Good
333,Person_333,Executive,Engineering,Berlin,134475,Excellent
334,Person_334,HR,Finance,New York,42282,Excellent
335,Person_335,Manager,Sales,Berlin,107534,Poor
336,Person_336,Executive,Finance,Berlin,114964,Excellent
337,Person_337,Employee,Sales,New York,159006,Excellent
338,Person_338,HR,Finance,Remote,90583,Excellent
339,Person_339,Executive,Finance,Berlin,78392,Poor
340,Person_340,Executive,Finance,New York,47461,Average
341,Person_341,HR,Sales,Berlin,140123,Excellent
342,Person_342,Executive,Sales,San Francisco,50516,Excellent
343,Person_343,HR,Finance,Remote,188586,Poor
344,Person_344,Manager,HR,London,161251,Average
345,Person_345,HR,Marketing,Berlin,102493,Excellent
346,Person_346,HR,Marketing,San Francisco,76027,Good
347,Person_347,HR,Marketing,London,133547,Poor
348,Person_348,Executive,Sales,London,140127,Excellent
349,Person_349,Executive,Sales,Berlin,188930,Excellent
350,Person_350,HR,HR,New York,119003,Good
351,Person_351,Executive,Marketing,Berlin,79758,Good
352,Person_352,Employee,Marketing,San Francisco,94312,Poor
353,Person_353,Employee,Finance,London,108670,Poor
354,Person_354,Executive,Sales,Berlin,122279,Good
355,Person_355,Executive,Marketing,New York,55434,Poor
356,Person_356,HR,HR,Berlin,115769,Good
357,Person_357,Manager,HR,Remote,106677,Excellent
358,Person_358,Executive,Marketing,New York,123555,Good
359,Person_359,Employee,Sales,San Francisco,168379,Good
360,Person_360,HR,HR,London,141665,Average
361,Person_361,Executive,Finance,Berlin,108803,Good
362,Person_362,Employee,HR,New York,131703,Good
363,Person_363,Employee,Engineering,Remote,61312,Average
364,Person_364,Manager,Engineering,New York,157961,Poor
365,Person_365,HR,Sales,Remote,80379,Average
366,Person_366,HR,Marketing,San Francisco,57297,Excellent
367,Person_367,Manager,Sales,London,42011,Average
368,Person_368,Manager,Sales,San Francisco,160234,Excellent
369,Person_369,HR,Sales,Berlin,84014,Poor
370,Person_370,HR,Sales,New York,182810,Average
371,Person_371,Executive,Finance,Remote,134333,Average
372,Person_372,Executive,Finance,Remote,51120,Poor
373,Person_373,Manager,HR,New York,179839,Excellent
374,Person_374,Executive,Engineering,New York,62852,Average
375,Person_375,Employee,Sales,Berlin,119239,Excellent
376,Person_376,Executive,HR,San Francisco,172001,Average
377,Person_377,Executive,Engineering,Remote,131575,Good
378,Person_378,Employee,Marketing,Berlin,135040,Average
379,Person_379,Manager,Finance,San Francisco,188510,Poor
380,Person_380,Employee,Engineering,Berlin,45744,Poor
381,Person_381,Executive,Marketing,Remote,178141,Excellent
382,Person_382,Manager,Engineering,New York,82359,Average
383,Person_383,Executive,Finance,New York,190871,Excellent
384,Person_384,Employee,Finance,San Francisco,138746,Excellent
385,Person_385,Employee,HR,London,160906,Good
386,Person_386,Executive,Sales,San Francisco,47597,Good
387,Person_387,HR,Engineering,London,87093,Poor
388,Person_388,HR,Engineering,Berlin,154650,Excellent
389,Person_389,Employee,Marketing,Berlin,197489,Poor
390,Person_390,Employee,Finance,Remote,189765,Average
391,Person_391,HR,Engineering,London,160956,Excellent
392,Person_392,HR,Finance,Remote,155598,Excellent
393,Person_393,Executive,Engineering,New York,173241,Average
394,Person_394,Executive,HR,London,193124,Average
395,Person_395,HR,Sales,San Francisco,48036,Poor
396,Person_396,Executive,Engineering,New York,71778,Poor
397,Person_397,Executive,Finance,New York,198806,Average
398,Person_398,Manager,HR,San Francisco,194245,Poor
399,Person_399,Executive,Engineering,New York,177416,Average
400,Person_400,Employee,Marketing,London,58800,Excellent
401,Person_401,Executive,Sales,Remote,65372,Excellent
402,Person_402,Executive,Engineering,New York,101516,Good
403,Person_403,HR,HR,London,60538,Excellent
404,Person_404,Employee,Marketing,Berlin,103918,Average
405,Person_405,Executive,HR,London,186045,Poor
406,Person_406,Executive,HR,Remote,111155,Good
407,Person_407,Manager,Marketing,London,99500,Poor
408,Person_408,Executive,HR,San Francisco,150659,Average
409,Person_409,Executive,Marketing,Remote,67716,Excellent
410,Person_410,Manager,Engineering,Berlin,174308,Good
411,Person_411,HR,Marketing,San Francisco,186920,Average
412,Person_412,Executive,Marketing,London,42352,Good
413,Person_413,Manager,Sales,Remote,173004,Good
414,Person_414,Employee,Marketing,Berlin,116449,Excellent
415,Person_415,HR,Marketing,San Francisco,48556,Average
416,Person_416,Employee,Engineering,Berlin,126836,Poor
417,Person_417,Employee,Sales,London,176570,Good
418,Person_418,Manager,Finance,Berlin,90098,Good
419,Person_419,Executive,Engineering,New York,152169,Poor
420,Person_420,Manager,Engineering,San Francisco,180641,Average
421,Person_421,Manager,Finance,Berlin,166060,Good
422,Person_422,Manager,Marketing,London,170544,Good
423,Person_423,Manager,HR,London,40340,Good
424,Person_424,HR,Sales,Berlin,122302,Average
425,Person_425,Executive,HR,London,40138,Average
426,Person_426,Employee,Finance,Remote,171430,Poor
427,Person_427,Employee,Engineering,Remote,159619,Average
428,Person_428,Executive,Engineering,Remote,125376,Average
429,Person_429,Employee,Sales,New York,139931,Excellent
430,Person_430,Executive,Engineering,Berlin,196951,Poor
431,Person_431,Employee,Engineering,New York,121532,Good
432,Person_432,Manager,Sales,London,95778,Average
433,Person_433,Employee,Sales,New York,77772,Good
434,Person_434,Executive,Finance,London,98478,Good
435,Person_435,Executive,Engineering,London,66762,Excellent
436,Person_436,Executive,Engineering,San Francisco,184355,Average
437,Person_437,Executive,Finance,Remote,95568,Poor
438,Person_438,Executive,Marketing,London,125090,Average
439,Person_439,HR,Marketing,San Francisco,60219,Good
440,Person_440,HR,Marketing,Remote,97169,Poor
441,Person_441,Employee,Finance,London,114965,Average
442,Person_442,Executive,Engineering,London,124754,Good
443,Person_443,Employee,Finance,New York,117988,Good
444,Person_444,Executive,Finance,New York,190023,Excellent
445,Person_445,Executive,Marketing,Remote,172379,Excellent
446,Person_446,HR,HR,London,120388,Excellent
447,Person_447,HR,Engineering,Berlin,130768,Good
448,Person_448,Manager,Marketing,New York,75428,Average
449,Person_449,HR,HR,Remote,132021,Excellent
450,Person_450,Manager,HR,London,158418,Average
451,Person_451,Manager,Sales,London,172212,Excellent
452,Person_452,Manager,Engineering,Berlin,195914,Poor
453,Person_453,Manager,HR,Remote,66421,Poor
454,Person_454,Manager,Marketing,London,41708,Excellent
455,Person_455,Employee,Sales,New York,174702,Good
456,Person_456,HR,Engineering,Berlin,190667,Excellent
457,Person_457,Manager,Finance,Remote,116021,Excellent
458,Person_458,Executive,Marketing,Berlin,199380,Good
459,Person_459,HR,HR,New York,84789,Poor
460,Person_460,HR,HR,Remote,66086,Average
461,Person_461,Manager,Marketing,Berlin,56859,Excellent
462,Person_462,Employee,HR,San Francisco,47684,Good
463,Person_463,Manager,Sales,New York,131088,Excellent
464,Person_464,Employee,Engineering,New York,172279,Good
465,Person_465,Executive,Sales,New York,86099,Average
466,Person_466,HR,HR,San Francisco,106093,Average
467,Person_467,Executive,Finance,San Francisco,88651,Poor
468,Person_468,Employee,Engineering,London,53893,Good
469,Person_469,Employee,Engineering,Berlin,106418,Good
470,Person_470,Executive,Marketing,London,165074,Poor
471,Person_471,Employee,Marketing,Berlin,143065,Poor
472,Person_472,Executive,Finance,San Francisco,170351,Good
473,Person_473,HR,Engineering,San Francisco,78635,Poor
474,Person_474,Executive,Finance,London,135071,Average
475,Person_475,HR,Marketing,Remote,118518,Excellent
476,Person_476,Executive,Marketing,London,146233,Average
477,Person_477,Employee,Engineering,Berlin,143651,Poor
478,Person_478,Executive,Sales,London,112805,Good
479,Person_479,Employee,HR,New York,199136,Good
480,Person_480,Executive,Marketing,Berlin,162813,Average
481,Person_481,Executive,Marketing,Berlin,119063,Good
482,Person_482,Manager,Sales,Remote,42454,Poor
483,Person_483,Employee,Sales,San Francisco,60878,Average
484,Person_484,Manager,Finance,Berlin,184063,Good
485,Person_485,Employee,Finance,San Francisco,108344,Excellent
486,Person_486,Manager,HR,London,144946,Excellent
487,Person_487,HR,HR,New York,76593,Poor
488,Person_488,Executive,Engineering,Remote,76304,Good
489,Person_489,Employee,Finance,San Francisco,153613,Poor
490,Person_490,Employee,Marketing,Berlin,192155,Average
491,Person_491,Executive,Finance,San Francisco,58354,Excellent
492,Person_492,Employee,Marketing,Berlin,62190,Average
493,Person_493,Employee,Sales,San Francisco,46142,Good
494,Person_494,Manager,Finance,Berlin,199470,Poor
495,Person_495,Employee,Sales,London,81862,Poor
496,Person_496,HR,HR,Berlin,190575,Poor
497,Person_497,HR,HR,Berlin,165438,Average
498,Person_498,Executive,Engineering,New York,88456,Excellent
499,Person_499,Employee,Finance,Berlin,140167,Average
500,Person_500,Executive,Sales,New York,122035,Average
501,Person_501,HR,Marketing,Remote,48016,Good
502,Person_502,Employee,HR,New York,42384,Good
503,Person_503,Employee,HR,London,186144,Good
504,Person_504,Executive,Marketing,New York,142239,Excellent
505,Person_505,HR,Sales,Remote,151431,Excellent
506,Person_506,Employee,Sales,London,120018,Good
507,Person_507,Executive,Finance,San Francisco,80510,Good
508,Person_508,HR,Finance,San Francisco,61826,Excellent
509,Person_509,Executive,Engineering,New York,108026,Poor
510,Person_510,Manager,HR,New York,161668,Excellent
511,Person_511,Employee,Finance,Remote,196590,Excellent
512,Person_512,Manager,Sales,Remote,64045,Excellent
513,Person_513,HR,Marketing,Berlin,130102,Good
514,Person_514,Manager,Sales,Remote,91919,Poor
515,Person_515,Manager,HR,Berlin,139441,Excellent
516,Person_516,HR,Sales,London,198175,Good
517,Person_517,Executive,Engineering,New York,176917,Average
518,Person_518,Manager,HR,London,158325,Average
519,Person_519,Executive,Marketing,Remote,59337,Excellent
520,Person_520,Manager,Engineering,London,193385,Average
521,Person_521,Executive,HR,London,198015,Poor
522,Person_522,HR,Marketing,London,117949,Average
523,Person_523,Manager,Engineering,Remote,40276,Average
524,Person_524,HR,Engineering,London,91151,Poor
525,Person_525,Manager,HR,Berlin,188683,Excellent
526,Person_526,HR,Finance,Remote,183016,Excellent
527,Person_527,HR,Engineering,London,92887,Poor
528,Person_528,Manager,Engineering,Remote,121442,Poor
529,Person_529,Manager,Marketing,San Francisco,89847,Poor
530,Person_530,Manager,Sales,Berlin,98653,Average
531,Person_531,Employee,HR,London,96622,Poor
532,Person_532,Executive,HR,San Francisco,67810,Good
533,Person_533,Employee,Finance,San Francisco,117842,Average
534,Person_534,Employee,Finance,Remote,162225,Excellent
535,Person_535,HR,HR,San Francisco,50503,Excellent
536,Person_536,Manager,Finance,Berlin,124761,Excellent
537,Person_537,Executive,Marketing,Berlin,166439,Average
538,Person_538,HR,HR,New York,51590,Good
539,Person_539,Employee,Finance,Berlin,181958,Poor
540,Person_540,Manager,HR,San Francisco,183938,Poor
541,Person_541,HR,Sales,Berlin,106624,Excellent
542,Person_542,Manager,Engineering,Remote,180836,Excellent
543,Person_543,HR,HR,New York,160356,Average
544,Person_544,Manager,Engineering,San Francisco,82727,Good
545,Person_545,Employee,Finance,New York,118471,Poor
546,Person_546,Executive,Engineering,San Francisco,48068,Average
547,Person_547,Employee,HR,Remote,156923,Poor
548,Person_548,Executive,Sales,New York,178367,Excellent
549,Person_549,Manager,Finance,London,51390,Poor
550,Person_550,HR,HR,San Francisco,146752,Good
551,Person_551,Employee,Finance,London,191203,Good
552,Person_552,Executive,Marketing,New York,134754,Excellent
553,Person_553,Employee,Engineering,London,115969,Good
554,Person_554,Executive,Marketing,London,186110,Good
555,Person_555,Employee,HR,New York,117064,Average
556,Person_556,Executive,Sales,Remote,61281,Poor
557,Person_557,Executive,Finance,London,94189,Excellent
558,Person_558,Manager,Engineering,London,88511,Excellent
559,Person_559,Executive,Finance,Remote,162115,Excellent
560,Person_560,Manager,HR,London,48605,Excellent
561,Person_561,Executive,Finance,London,140318,Excellent
562,Person_562,HR,Engineering,London,172453,Good
563,Person_563,HR,HR,Berlin,59810,Average
564,Person_564,HR,Finance,Remote,195394,Excellent
565,Person_565,Executive,Sales,London,81869,Average
566,Person_566,Manager,HR,Remote,72955,Average
567,Person_567,Manager,HR,San Francisco,101388,Good
568,Person_568,Executive,Sales,San Francisco,50207,Excellent
569,Person_569,HR,Marketing,London,199292,Good
570,Person_570,HR,Engineering,Remote,62031,Excellent
571,Person_571,Manager,Marketing,Remote,120807,Good
572,Person_572,HR,Finance,Remote,111312,Average
573,Person_573,Employee,Sales,Berlin,99766,Excellent
574,Person_574,Manager,Marketing,San Francisco,183521,Poor
575,Person_575,HR,HR,Remote,129833,Average
576,Person_576,Manager,Finance,Remote,151041,Poor
577,Person_577,Employee,Finance,Berlin,156185,Average
578,Person_578,Manager,Marketing,Berlin,50350,Good
579,Person_579,Manager,Marketing,Remote,140859,Excellent
580,Person_580,Manager,Sales,New York,108487,Average
581,Person_581,Manager,Engineering,Remote,188694,Good
582,Person_582,Employee,Marketing,Remote,163853,Excellent
583,Person_583,Executive,Marketing,Berlin,93117,Excellent
584,Person_584,Manager,HR,Berlin,141084,Average
585,Person_585,Manager,Finance,Remote,63782,Excellent
586,Person_586,HR,Engineering,Remote,68454,Average
587,Person_587,Manager,HR,Remote,107904,Excellent
588,Person_588,HR,Sales,Berlin,169936,Poor
589,Person_589,Executive,Sales,Remote,186664,Good
590,Person_590,Employee,Marketing,Remote,193245,Poor
591,Person_591,Employee,Marketing,London,162258,Average
592,Person_592,Executive,Sales,New York,151668,Poor
593,Person_593,Employee,Marketing,San Francisco,164184,Average
594,Person_594,Executive,Engineering,New York,56566,Excellent
595,Person_595,Executive,Marketing,London,178262,Excellent
596,Person_596,Executive,Finance,San Francisco,78333,Average
597,Person_597,Employee,Marketing,Remote,161929,Poor
598,Person_598,HR,HR,London,129571,Excellent
599,Person_599,Executive,Engineering,Remote,160263,Good
600,Person_600,Manager,HR,Berlin,172661,Excellent
601,Person_601,Employee,HR,London,65235,Good
602,Person_602,Executive,Finance,Berlin,40159,Poor
603,Person_603,Executive,Engineering,London,183217,Good
604,Person_604,Manager,Engineering,London,144859,Good
605,Person_605,HR,Engineering,Berlin,187309,Good
606,Person_606,HR,Engineering,San Francisco,147507,Good
607,Person_607,HR,Engineering,New York,179316,Excellent
608,Person_608,Executive,Finance,Remote,54743,Good
609,Person_609,Executive,Marketing,London,86101,Excellent
610,Person_610,Executive,HR,Remote,161534,Good
611,Person_611,Employee,Engineering,Berlin,124227,Average
612,Person_612,Manager,Marketing,Remote,111126,Poor
613,Person_613,Executive,Marketing,Berlin,96071,Good
614,Person_614,Manager,HR,Remote,114763,Average
615,Person_615,Manager,Finance,New York,183309,Good
616,Person_616,HR,Sales,New York,186721,Good
617,Person_617,Employee,Sales,New York,86154,Good
618,Person_618,Executive,Marketing,New York,47016,Average
619,Person_619,HR,HR,New York,129678,Poor
620,Person_620,HR,Sales,New York,152056,Average
621,Person_621,Executive,Marketing,Berlin,94238,Poor
622,Person_622,Manager,Finance,London,98608,Good
623,Person_623,HR,Sales,Remote,129081,Excellent
624,Person_624,Manager,Marketing,New York,90961,Good
625,Person_625,Employee,Marketing,Berlin,66917,Poor
626,Person_626,Manager,Engineering,Berlin,193808,Average
627,Person_627,Employee,Finance,Berlin,67990,Good
628,Person_628,Manager,Engineering,London,102551,Average
629,Person_629,HR,HR,Remote,193512,Average
630,Person_630,HR,Engineering,London,120811,Average
631,Person_631,Employee,Engineering,San Francisco,95103,Good
632,Person_632,Executive,Sales,Berlin,146122,Average
633,Person_633,Employee,Marketing,San Francisco,59008,Average
634,Person_634,Employee,Finance,New York,72402,Good
635,Person_635,Manager,Engineering,New York,176865,Average
636,Person_636,Manager,Finance,London,176643,Good
637,Person_637,Employee,Engineering,Remote,187281,Poor
638,Person_638,HR,HR,San Francisco,153550,Poor
639,Person_639,Manager,Engineering,Remote,131218,Poor
640,Person_640,Executive,Sales,London,173296,Average
641,Person_641,Manager,Marketing,New York,160779,Excellent
642,Person_642,Manager,HR,Remote,169714,Excellent
643,Person_643,Executive,Engineering,Remote,72441,Average
644,Person_644,Employee,Finance,New York,102368,Excellent
645,Person_645,Executive,HR,San Francisco,132122,Good
646,Person_646,Employee,HR,New York,84760,Excellent
647,Person_647,Employee,Engineering,Remote,63478,Average
648,Person_648,Employee,HR,San Francisco,167881,Average
649,Person_649,Executive,Finance,San Francisco,111854,Good
650,Person_650,Employee,HR,New York,134230,Poor
651,Person_651,HR,Finance,Remote,125716,Average
652,Person_652,Executive,Engineering,London,183252,Good
653,Person_653,HR,Marketing,Remote,138538,Excellent
654,Person_654,Employee,HR,Berlin,55372,Excellent
655,Person_655,Manager,Marketing,London,69796,Good
656,Person_656,Employee,Finance,San Francisco,138826,Good
657,Person_657,HR,HR,London,160592,Average
658,Person_658,HR,Sales,San Francisco,133635,Excellent
659,Person_659,Executive,Marketing,San Francisco,151022,Good
660,Person_660,Manager,HR,London,94040,Excellent
661,Person_661,Executive,Marketing,San Francisco,115357,Good
662,Person_662,HR,HR,San Francisco,118356,Excellent
663,Person_663,Employee,Engineering,Berlin,56211,Poor
664,Person_664,Manager,Marketing,Remote,145426,Average
665,Person_665,Employee,Sales,Remote,45842,Excellent
666,Person_666,Employee,Sales,Berlin,106852,Poor
667,Person_667,Manager,Finance,London,165737,Excellent
668,Person_668,Executive,HR,New York,85968,Excellent
669,Person_669,Employee,Marketing,New York,57508,Poor
670,Person_670,HR,Finance,New York,193077,Excellent
671,Person_671,Employee,Marketing,Berlin,94575,Excellent
672,Person_672,Manager,HR,Berlin,190043,Average
673,Person_673,Manager,Sales,San Francisco,196671,Poor
674,Person_674,Manager,Engineering,New York,106914,Poor
675,Person_675,Executive,Sales,London,107055,Good
676,Person_676,Employee,Finance,London,127697,Excellent
677,Person_677,Executive,Engineering,New York,146239,Average
678,Person_678,Executive,Finance,New York,163106,Excellent
679,Person_679,Manager,HR,New York,45355,Excellent
680,Person_680,Manager,Engineering,Berlin,94120,Good
681,Person_681,Executive,Finance,Berlin,78342,Excellent
682,Person_682,Employee,HR,Berlin,42257,Average
683,Person_683,HR,Sales,Remote,67364,Average
684,Person_684,Executive,HR,London,196044,Good
685,Person_685,Employee,Marketing,London,151715,Excellent
686,Person_686,Manager,HR,San Francisco,66654,Average
687,Person_687,Manager,HR,Berlin,121423,Excellent
688,Person_688,Employee,Marketing,Remote,69320,Excellent
689,Person_689,HR,Finance,Remote,60808,Excellent
690,Person_690,Manager,Finance,London,92389,Good
691,Person_691,Manager,HR,Berlin,158581,Excellent
692,Person_692,Manager,Marketing,San Francisco,167927,Average
693,Person_693,Employee,Marketing,Berlin,74773,Excellent
694,Person_694,Executive,Sales,New York,198819,Average
695,Person_695,Manager,Finance,Berlin,116396,Excellent
696,Person_696,Executive,Engineering,New York,147692,Average
697,Person_697,HR,Finance,New York,97505,Average
698,Person_698,Manager,Finance,San Francisco,125896,Excellent
699,Person_699,Manager,Sales,London,58135,Excellent
700,Person_700,HR,Engineering,Berlin,130887,Average
701,Person_701,Manager,Sales,New York,162118,Poor
702,Person_702,Executive,Engineering,Berlin,87377,Good
703,Person_703,Employee,HR,London,194626,Poor
704,Person_704,Executive,Engineering,London,102491,Poor
705,Person_705,Employee,Sales,Remote,98283,Excellent
706,Person_706,Employee,Finance,London,56923,Good
707,Person_707,Executive,Engineering,San Francisco,87591,Poor
708,Person_708,Executive,Engineering,New York,102261,Excellent
709,Person_709,Executive,Marketing,Remote,94336,Poor
710,Person_710,Executive,Finance,San Francisco,114083,Poor
711,Person_711,HR,HR,Berlin,100948,Excellent
712,Person_712,Manager,Sales,New York,66672,Excellent
713,Person_713,Employee,HR,London,44213,Excellent
714,Person_714,Executive,Finance,New York,181365,Good
715,Person_715,Executive,Engineering,Berlin,102507,Poor
716,Person_716,Executive,Engineering,Remote,97134,Excellent
717,Person_717,HR,Finance,Remote,173172,Average
718,Person_718,Executive,Engineering,Remote,68172,Poor
719,Person_719,Executive,Engineering,London,60132,Average
720,Person_720,Executive,Engineering,San Francisco,58199,Good
721,Person_721,Manager,Sales,San Francisco,76609,Excellent
722,Person_722,HR,Sales,New York,179088,Average
723,Person_723,Executive,Marketing,London,71881,Good
724,Person_724,Employee,HR,Remote,64472,Excellent
725,Person_725,Employee,Finance,Remote,94131,Average
726,Person_726,Employee,Finance,Berlin,195159,Average
727,Person_727,HR,Finance,Berlin,52828,Good
728,Person_728,HR,Marketing,Remote,136664,Excellent
729,Person_729,Employee,Sales,Remote,172473,Excellent
730,Person_730,Executive,Marketing,London,55193,Average
731,Person_731,HR,Finance,San Francisco,191379,Average
732,Person_732,Employee,HR,Berlin,142518,Average
733,Person_733,Employee,Engineering,San Francisco,59611,Excellent
734,Person_734,Executive,Sales,London,183022,Good
735,Person_735,Manager,Sales,Remote,116240,Good
736,Person_736,HR,Marketing,San Francisco,42745,Excellent
737,Person_737,Executive,Sales,Remote,95243,Poor
738,Person_738,Employee,Finance,Remote,43866,Good
739,Person_739,Employee,Finance,New York,168681,Average
740,Person_740,Executive,Marketing,San Francisco,111354,Poor
741,Person_741,HR,Finance,San Francisco,91374,Poor
742,Person_742,Manager,HR,Remote,154397,Good
743,Person_743,Manager,Marketing,London,164577,Poor
744,Person_744,Employee,HR,New York,121029,Poor
745,Person_745,HR,Engineering,Remote,133574,Good
746,Person_746,Manager,HR,Berlin,191519,Good
747,Person_747,HR,Engineering,Berlin,70431,Poor
748,Person_748,HR,Engineering,New York,188980,Average
749,Person_749,Employee,HR,London,69336,Excellent
750,Person_750,Manager,Marketing,Remote,80992,Poor
751,Person_751,Executive,Finance,San Francisco,95350,Poor
752,Person_752,Employee,Finance,New York,109561,Average
753,Person_753,Manager,Engineering,London,91955,Poor
754,Person_754,Manager,Engineering,San Francisco,101240,Poor
755,Person_755,Manager,Marketing,Berlin,191165,Excellent
756,Person_756,Manager,Sales,Berlin,177227,Excellent
757,Person_757,Manager,HR,San Francisco,86607,Excellent
758,Person_758,HR,Engineering,New York,192035,Good
759,Person_759,Employee,Finance,Berlin,92870,Good
760,Person_760,HR,Marketing,Remote,104110,Excellent
761,Person_761,Executive,HR,San Francisco,192008,Excellent
762,Person_762,Manager,Marketing,San Francisco,156895,Good
763,Person_763,Employee,HR,Berlin,44426,Average
764,Person_764,Manager,HR,New York,67606,Poor
765,Person_765,Employee,Engineering,Remote,68151,Poor
766,Person_766,HR,Marketing,New York,51308,Excellent
767,Person_767,Employee,Marketing,London,130306,Average
768,Person_768,Executive,Finance,London,146984,Good
769,Person_769,Executive,Finance,Berlin,42204,Excellent
770,Person_770,Employee,Engineering,Berlin,132769,Average
771,Person_771,Employee,Engineering,Berlin,127265,Average
772,Person_772,Employee,Sales,London,71131,Average
773,Person_773,Employee,Finance,New York,92428,Good
774,Person_774,Executive,HR,New York,73870,Good
775,Person_775,Manager,Marketing,Berlin,143547,Poor
776,Person_776,Employee,Engineering,Remote,89067,Poor
777,Person_777,Employee,Marketing,New York,152217,Average
778,Person_778,Executive,Marketing,London,192679,Average
779,Person_779,Executive,Sales,San Francisco,196040,Good
780,Person_780,HR,Finance,San Francisco,138934,Poor
781,Person_781,Employee,Engineering,San Francisco,182980,Average
782,Person_782,HR,Marketing,Remote,197495,Poor
783,Person_783,Executive,Engineering,Berlin,114707,Poor
784,Person_784,Executive,HR,London,101215,Average
785,Person_785,Manager,Sales,Remote,89429,Good
786,Person_786,Employee,HR,London,122152,Average
787,Person_787,HR,Engineering,London,148048,Average
788,Person_788,Executive,Engineering,Berlin,178731,Poor
789,Person_789,Executive,Finance,San Francisco,117240,Average
790,Person_790,HR,Marketing,Berlin,153688,Good
791,Person_791,Manager,Marketing,Remote,86473,Average
792,Person_792,Executive,HR,Remote,136762,Good
793,Person_793,Employee,Sales,Remote,146956,Good
794,Person_794,Executive,Marketing,Berlin,158452,Poor
795,Person_795,Employee,Finance,London,166311,Excellent
796,Person_796,HR,HR,London,47006,Excellent
797,Person_797,Employee,HR,New York,114218,Poor
798,Person_798,HR,Finance,Remote,72430,Average
799,Person_799,Employee,Sales,London,63091,Poor
800,Person_800,HR,Finance,New York,63989,Good
801,Person_801,Employee,Sales,London,115451,Excellent
802,Person_802,Manager,Finance,Remote,58990,Poor
803,Person_803,Employee,Finance,San Francisco,130270,Average
804,Person_804,Employee,Engineering,Remote,120360,Poor
805,Person_805,Manager,HR,Berlin,76081,Excellent
806,Person_806,Executive,Finance,London,182105,Poor
807,Person_807,Executive,Finance,London,148272,Poor
808,Person_808,Employee,Marketing,Berlin,56241,Excellent
809,Person_809,Manager,HR,Berlin,164932,Good
810,Person_810,Employee,Marketing,San Francisco,45939,Good
811,Person_811,HR,HR,London,153000,Excellent
812,Person_812,HR,Marketing,London,75063,Poor
813,Person_813,Employee,Finance,San Francisco,198117,Excellent
814,Person_814,Executive,Finance,New York,87118,Good
815,Person_815,Executive,Engineering,San Francisco,124703,Average
816,Person_816,Employee,Marketing,Remote,192697,Poor
817,Person_817,Employee,Sales,London,168557,Good
818,Person_818,HR,Engineering,Berlin,67076,Poor
819,Person_819,Executive,Marketing,Remote,84605,Excellent
820,Person_820,Employee,Marketing,London,124565,Average
821,Person_821,HR,Engineering,San Francisco,79121,Excellent
822,Person_822,Executive,Finance,Remote,71433,Average
823,Person_823,Manager,Marketing,London,83309,Poor
824,Person_824,HR,Finance,New York,107468,Poor
825,Person_825,Executive,Engineering,New York,107293,Excellent
826,Person_826,Executive,Finance,Berlin,136258,Average
827,Person_827,HR,HR,London,78405,Average
828,Person_828,Manager,Sales,New York,83527,Poor
829,Person_829,HR,Marketing,San Francisco,117227,Excellent
830,Person_830,Executive,Sales,London,171564,Average
831,Person_831,Employee,Finance,San Francisco,179883,Poor
832,Person_832,Employee,Marketing,San Francisco,133344,Good
833,Person_833,HR,Finance,New York,195344,Excellent
834,Person_834,Executive,HR,London,87153,Good
835,Person_835,Employee,Engineering,Remote,148042,Excellent
836,Person_836,Executive,Marketing,New York,94110,Poor
837,Person_837,HR,HR,New York,185051,Average
838,Person_838,Employee,HR,London,68328,Average
839,Person_839,Executive,Marketing,London,152911,Average
840,Person_840,Employee,Finance,San Francisco,52867,Excellent
841,Person_841,HR,HR,London,99234,Poor
842,Person_842,Executive,Sales,San Francisco,65851,Good
843,Person_843,Employee,HR,New York,71279,Poor
844,Person_844,HR,Finance,Berlin,113402,Good
845,Person_845,Employee,Finance,Remote,55449,Excellent
846,Person_846,Employee,Sales,New York,116221,Excellent
847,Person_847,Manager,HR,London,129080,Good
848,Person_848,Manager,Finance,Remote,45451,Good
849,Person_849,HR,Marketing,Berlin,127178,Good
850,Person_850,Manager,Engineering,Berlin,103761,Poor
851,Person_851,HR,Engineering,San Francisco,78870,Good
852,Person_852,Manager,Engineering,Remote,136566,Excellent
853,Person_853,Employee,HR,San Francisco,163749,Excellent
854,Person_854,HR,Sales,New York,163765,Average
855,Person_855,HR,Finance,Remote,164881,Good
856,Person_856,Employee,Marketing,New York,168389,Poor
857,Person_857,HR,Marketing,San Francisco,65372,Poor
858,Person_858,HR,HR,Remote,43642,Poor
859,Person_859,Manager,Engineering,San Francisco,199073,Average
860,Person_860,HR,HR,Remote,74064,Excellent
861,Person_861,Executive,Sales,San Francisco,54122,Poor
862,Person_862,Employee,Sales,Berlin,195892,Excellent
863,Person_863,Manager,Finance,San Francisco,108431,Average
864,Person_864,Manager,Finance,Berlin,95745,Good
865,Person_865,Executive,Sales,San Francisco,90081,Good
866,Person_866,Employee,Sales,Remote,179783,Good
867,Person_867,Employee,Sales,Remote,189865,Poor
868,Person_868,Manager,HR,Remote,179271,Good
869,Person_869,HR,Sales,London,116253,Poor
870,Person_870,Manager,Marketing,New York,76191,Average
871,Person_871,Employee,Engineering,Remote,50211,Average
872,Person_872,Executive,Sales,Berlin,151086,Poor
873,Person_873,Manager,Engineering,Remote,192614,Excellent
874,Person_874,Employee,HR,London,141971,Good
875,Person_875,Manager,Engineering,Berlin,133783,Good
876,Person_876,HR,HR,London,165681,Good
877,Person_877,Manager,Marketing,Berlin,127893,Poor
878,Person_878,Manager,HR,San Francisco,198763,Average
879,Person_879,Employee,HR,New York,117960,Good
880,Person_880,Employee,Finance,New York,124388,Average
881,Person_881,Employee,Sales,London,62601,Good
882,Person_882,Manager,Sales,New York,189092,Good
883,Person_883,HR,Marketing,London,179227,Poor
884,Person_884,Executive,Marketing,London,59710,Excellent
885,Person_885,Executive,Sales,London,148714,Poor
886,Person_886,Employee,Finance,New York,195604,Good
887,Person_887,Employee,Sales,London,168727,Good
888,Person_888,Manager,Finance,New York,189673,Excellent
889,Person_889,Executive,Marketing,London,103227,Average
890,Person_890,Employee,Engineering,Remote,176039,Average
891,Person_891,HR,Marketing,London,124289,Good
892,Person_892,HR,Marketing,Berlin,191094,Average
893,Person_893,Employee,HR,London,45722,Good
894,Person_894,Employee,HR,San Francisco,198485,Excellent
895,Person_895,Executive,HR,London,121050,Excellent
896,Person_896,Executive,HR,Berlin,123596,Good
897,Person_897,Manager,Finance,Berlin,106732,Excellent
898,Person_898,Executive,Sales,New York,183369,Poor
899,Person_899,HR,Engineering,Remote,108323,Poor
900,Person_900,HR,Marketing,London,63816,Excellent
901,Person_901,Employee,Finance,New York,80695,Good
902,Person_902,Executive,Engineering,Remote,190774,Good
903,Person_903,Manager,Finance,London,196314,Excellent
904,Person_904,HR,Finance,San Francisco,95841,Average
905,Person_905,HR,Marketing,London,168498,Poor
906,Person_906,Manager,Sales,Berlin,147096,Average
907,Person_907,Manager,HR,Berlin,132764,Good
908,Person_908,HR,Sales,San Francisco,125744,Good
909,Person_909,HR,Marketing,New York,68482,Average
910,Person_910,Manager,Marketing,Remote,49171,Excellent
911,Person_911,HR,Marketing,London,140755,Average
912,Person_912,Employee,Engineering,Berlin,148125,Average
913,Person_913,Employee,Sales,New York,170722,Poor
914,Person_914,Manager,Sales,San Francisco,146082,Poor
915,Person_915,Executive,Finance,Berlin,43696,Average
916,Person_916,Manager,Finance,San Francisco,166310,Average
917,Person_917,Manager,Finance,London,191130,Good
918,Person_918,Executive,Marketing,Remote,191385,Poor
919,Person_919,Executive,Sales,Berlin,59149,Poor
920,Person_920,Executive,Marketing,Berlin,170064,Good
921,Person_921,Employee,Engineering,London,93521,Excellent
922,Person_922,HR,Finance,New York,85740,Poor
923,Person_923,Employee,Marketing,Remote,146611,Poor
924,Person_924,HR,Marketing,Berlin,176028,Excellent
925,Person_925,Employee,Engineering,Remote,106641,Poor
926,Person_926,HR,HR,Berlin,103811,Poor
927,Person_927,Employee,Sales,Remote,103232,Excellent
928,Person_928,Executive,HR,San Francisco,55417,Excellent
929,Person_929,Manager,Finance,Berlin,195801,Average
930,Person_930,Employee,Marketing,Remote,152492,Good
931,Person_931,HR,Engineering,New York,70099,Good
932,Person_932,Executive,Engineering,San Francisco,183674,Excellent
933,Person_933,Employee,Sales,San Francisco,158474,Excellent
934,Person_934,Employee,HR,New York,49256,Poor
935,Person_935,Executive,Sales,Remote,74681,Average
936,Person_936,Employee,Marketing,London,131328,Average
937,Person_937,Manager,Sales,New York,83361,Excellent
938,Person_938,Employee,Engineering,Remote,74540,Poor
939,Person_939,Manager,Engineering,New York,197608,Poor
940,Person_940,Manager,Finance,New York,124700,Good
941,Person_941,Executive,Finance,Berlin,118532,Good
942,Person_942,Employee,Marketing,Remote,167626,Poor
943,Person_943,Executive,HR,London,173943,Good
944,Person_944,Employee,Sales,Berlin,86002,Excellent
945,Person_945,Employee,Marketing,New York,89812,Poor
946,Person_946,HR,Finance,New York,193698,Good
947,Person_947,Employee,Sales,New York,148946,Average
948,Person_948,Executive,Finance,Remote,106668,Poor
949,Person_949,Manager,Sales,Remote,139003,Poor
950,Person_950,Employee,HR,Berlin,82998,Average
951,Person_951,HR,Marketing,London,144601,Excellent
952,Person_952,Executive,Sales,Berlin,47812,Average
953,Person_953,Employee,Engineering,San Francisco,101844,Poor
954,Person_954,Executive,Engineering,New York,173251,Excellent
955,Person_955,HR,Sales,New York,114601,Good
956,Person_956,HR,Sales,New York,179347,Good
957,Person_957,Executive,Sales,Berlin,87857,Good
958,Person_958,Employee,Engineering,Berlin,165555,Poor
959,Person_959,Manager,Engineering,New York,60700,Average
960,Person_960,HR,Sales,Berlin,133330,Excellent
961,Person_961,Employee,Finance,Remote,184941,Good
962,Person_962,Employee,Finance,Remote,192026,Excellent
963,Person_963,Manager,HR,Berlin,103353,Poor
964,Person_964,HR,Marketing,New York,140772,Good
965,Person_965,HR,Finance,Berlin,131502,Poor
966,Person_966,Employee,Engineering,Berlin,153943,Average
967,Person_967,Employee,Finance,Berlin,149850,Poor
968,Person_968,Manager,HR,San Francisco,85095,Poor
969,Person_969,Manager,HR,Remote,185342,Average
970,Person_970,HR,Marketing,London,55523,Excellent
971,Person_971,Executive,Finance,London,102433,Average
972,Person_972,HR,Engineering,San Francisco,59991,Average
973,Person_973,Employee,Engineering,Berlin,50775,Poor
974,Person_974,HR,Sales,San Francisco,124995,Excellent
975,Person_975,Executive,Engineering,San Francisco,187745,Good
976,Person_976,Manager,Marketing,New York,162808,Average
977,Person_977,Executive,Marketing,Remote,198128,Excellent
978,Person_978,Executive,Engineering,London,177686,Average
979,Person_979,Executive,Engineering,Berlin,47415,Average
980,Person_980,Manager,Sales,London,188036,Average
981,Person_981,Executive,Engineering,London,77044,Average
982,Person_982,Executive,Sales,Remote,89976,Poor
983,Person_983,Executive,Sales,London,43832,Excellent
984,Person_984,Employee,Engineering,London,74148,Excellent
985,Person_985,Executive,HR,San Francisco,152230,Excellent
986,Person_986,Manager,HR,Remote,125076,Average
987,Person_987,Executive,Sales,New York,78402,Poor
988,Person_988,Executive,Engineering,Berlin,78578,Average
989,Person_989,Manager,HR,London,130453,Average
990,Person_990,Executive,Engineering,Berlin,193390,Excellent
991,Person_991,Manager,Engineering,New York,115715,Average
992,Person_992,Executive,Engineering,Berlin,151435,Good
993,Person_993,Manager,Finance,New York,191538,Average
994,Person_994,Executive,Engineering,San Francisco,135742,Good
995,Person_995,Executive,Finance,London,85475,Average
996,Person_996,Employee,Sales,New York,100142,Poor
997,Person_997,Employee,HR,Berlin,197636,Poor
998,Person_998,Executive,HR,London,193484,Excellent
999,Person_999,Executive,HR,San Francisco,133526,Average
1000,Person_1000,HR,HR,London,91001,Good
